Firm,URL
Alger,https://www.alger.com/AlgerDocuments/Alger_Capital_Markets_Presentation_Summer_2026.pdf
American Century Investments,https://www.americancentury.com/institutional-investors/investment-outlook/global-macroeconomic/
American Century Investments,https://www.americancentury.com/institutional-investors/investment-outlook/us-equity/
American Century Investments,https://www.americancentury.com/institutional-investors/investment-outlook/global-equity/
American Century Investments,https://www.americancentury.com/institutional-investors/investment-outlook/global-fixed-income/
American Century Investments,https://www.americancentury.com/institutional-investors/investment-outlook/multi-asset-strategies/
American Century Investments,https://www.americancentury.com/institutional-investors/investment-outlook/sustainable-investing-trends/
Amova,https://emea.amova-am.com/institutional/insights/detail/2607-global-investment-strategy-committee-outlook-q3-2026
Angel Oak Capital Advisors,https://angeloakcapital.com/wp-content/uploads/Angel-Oak-2026-Mid-Year-Outlook.pdf?_gl=1*trmzh4*_up*MQ..*_ga*NjgxNTk3NDY1LjE3ODM1MDU4MTU.*_ga_W8YHF0H1KH*czE3ODM1MDU4MTUkbzEkZzAkdDE3ODM1MDU4MTUkajYwJGwwJGgw
Angel Oak Capital Advisors,https://angeloakcapital.com/insights/?_gl=1*trmzh4*_up*MQ..*_ga*NjgxNTk3NDY1LjE3ODM1MDU4MTU.*_ga_W8YHF0H1KH*czE3ODM1MDU4MTUkbzEkZzAkdDE3ODM1MDU4MTUkajYwJGwwJGgw
Apollo,https://www.apolloacademy.com/topics/2026-mid-year-outlook/
Apollo,https://www.apollo.com/institutional/insights-news/insights/the-view-from-apollo/2026/06/2026-mid-year-outlook#tabs-2eb3c5daa9-item-cac3a8a9b7-tab
Asset Management One,https://www.am-one-int.co.uk/our-firm/news-updates/296-japan-investment-commentary-and-market-outlook-may-2026
Aviva,https://www.avivainvestors.com/en-gb/views/house-view/
Banque Internationale à Luxembourg (BIL),https://www.bilinvestmentinsights.com/bilboard-mid-year-2026-in-search-of-summer/
Barclays Private,https://privatebank.barclays.com/content/dam/privatebank-barclays-com/en-gb/private-bank/documents/insights/2026/mid-year-outlook/Barclays_Private_Bank_Mid-Year_Outlook_2026_Global.pdf
BBH,https://www.bbh.com/us/en/insights/investor-services-insights/mind-on-the-markets-quarterly-q3-the-dollar-the-fed-the-indo-pacific.html
BlackRock iShares,https://www.ishares.com/us/insights/portfolio-insights/equity-outlook-2026-q3-free-cash-flow
BlackRock iShares,https://www.ishares.com/us/insights/portfolio-insights/outlook-fixed-income-active
Blackstone,https://www.blackstone.com/wp-content/uploads/sites/2/blackstone-secure/Office-of-the-CIO-2026-Mid-Year-Investment-Perspectives.pdf
BNP Paribas Asset Management,https://www.bnpparibas-am.com/en-ch/portfolio-perspectives/mid-year-outlook-prospects-remain-upbeat-for-equity-and-fixed-income-investors/
BNP Wealth Management,https://wealthmanagement.bnpparibas/content/dam/wmpublicsite/global/pdfs/en/june-2026/BNPP_INVEST_THEMES_2026_brochureEN_version%20courte.pdf
BNP Wealth Management,https://wealthmanagement.bnpparibas/en/insights/investment-themes/our-2026-investment-themes-mid-year-update.html
Breckinridge Capital Advisors,https://breckinridge-web.files.svdcdn.com/production/assets/pdfs/Mid-Year-Municipal-Market-Outlook-2026.pdf?dm=1783442736
Brown Advisory,https://www.brownadvisory.com/us/insights/cio-perspectives-podcast-energy-opportunity-ai-power-and-next-investment-cycle
Bryn Mawr Capital Management,https://www.bmt.com/news-insights-events/2026-mid-year-review-and-outlook-delivering-results-in-a-complex-market-environment/
Cantor Fitzgerald,https://cantorfitzgerald.ie/cfam-h2-market-review-and-outlook/
CARLYLE,https://www.carlyle.com/sites/default/files/2026-07/Carlyle-Midyear-Outlook-Whitepaper-v4.pdf
Carmignac,https://www.carmignac.com/en-fr/articles/carmignac-h2-2026-outlook-3916-13370
CCLA,https://www.ccla.co.uk/documents/market-review-and-outlook-july-2026/download?inline=
Charles Schwab,https://www.schwab.com/learn/story/stock-market-outlook
Charles Schwab,https://www.schwab.com/learn/story/us-stock-market-outlook
CI Global Asset Management,https://eng4e.seismic.com/i/CrQTQrSKBuZUrJX___UHUSPSKh55Vaaxzwcp4OB5d57eOql0OqJrkmOnska6PLUSSIGNOPLUSSIGNgB767Zw7yhZp8ie5ved23AJYeV86Akm3W16cxmKaDhJe8oeZog2epah0EBMvhgCxOa___
CIBC Asset Management,https://www.cibc.com/en/gam/insights/markets-and-economy/quarterly-economic-market-outlook.html
Citi Wealth,https://www.docs.citi.com/WealthOCIO/2026Q2Report.pdf
Cohen & Steers,https://assets-prod.cohenandsteers.com/wp-content/uploads/2026/01/28170446/Real-Assets-Video_review-and-2026-outlook-Generic.pdf
Commerce Trust,https://www.commercetrustcompany.com/research-and-insights/podcasts/2026-midyear-economic-and-market-outlook-a-new-era-emerging
commonfund,https://www.commonfund.org/hubfs/00-Commonfund.org/03%20Research%20Center/Blog/2026-0706-FYE-Client-Letter/2026-FYE-Client-Letter.pdf
Coutts Crown Dependecies,https://www.couttscrowndependencies.com/insights/investing/mid-year-investment-outlook-2026.html
Coutts Crown Dependecies,https://www.coutts.com/insights/investing/mid-year-investment-outlook-2026.html
Decalia,https://www.decalia.com/en/the-calm-before-the-earnings-storm/
Deutsche Bank,https://wealth.db.com/en/insights/investing-insights/cio-weekly-investment-outlook-podcast.html
Deutsche Bank,https://wealth.db.com/en/lp/events/2026-events/experts-in-house-cio-update-call-16-june.html
Deutsche Bank,https://wealth.db.com/dam/deutschewealth/insights/investing-insights/economic-and-market-outlook/2026/q3/economic-and-asset-class-outlook-june-2026.pdf
Diamond Hill,https://www.diamond-hill.com/insights/a-918/articles/taxable-fixed-income-markets-update-may-2026/
Diamond Hill,https://www.diamond-hill.com/insights/a-922/videos/june-fixed-income-market-insights/
Dimensional Fund Advisors,https://www.dimensional.com/gb-en/insights/midyear-market-review-from-spring-slump-to-summer-surge
DPAM,https://www.dpaminvestments.com/professional-intermediary/se/en/angle/mid-year-equity-outlook-2026
DWS,https://www.dws.com/en-us/insights/research/infrastructure/infrastructure-strategic-outlook-2026-mid-year-update/
Eastspring,https://www.eastspring.us/docs/librariesprovider6/our-perspectives/market-update/2026/cio-weekly_2026-mid-year-outlook.pdf
Edmond de Rothschild,https://www.edmond-de-rothschild.com/en/news/show/1565-17292-outlook-convictions-asset-management-2nd-semester-of-2026
Edmond de Rothschild,https://www.edmond-de-rothschild.com/en/news/show/1565-17282-cio-letter-private-banking-monaco-july-2026
Fidelity International,https://www.fidelityinternational.com/static/master/media/pdf/outlook/Fidelity-International-Mid-Year-Outlook-2026-EMEA.pdf
Fidelity Investments,https://www.fidelity.com/learning-center/trading-investing/investing-outlook
Fiduciary Trust,https://www.fiduciary-trust.com/insights/market-outlook/
Fiera Capital,https://www.fieracapital.com/en-uk/insights/global-asset-allocation-team-market-update-july-2026/
Future Standard,https://www.futurestandard.com/insights/report/2026-midyear-us-economic-outlook
Galaxy,https://am.galaxy.com/insights/research/june-2026-market-commentary
GCM Grosvenor,https://www.gcmgrosvenor.com/2026/06/22/market-outlook-and-strategy-insights-at-superreturn-international-2026/
Generali Investments,https://www.generali-investments.com/uploads/6804db01-7744-9cca-5873-5050fbe35e0b/Compass-06-2026-_-ENG.pdf
GlobalX ETFs,https://go.globalxetfs.com/l/750543/2026-07-08/cws35j/750543/1783531965DNSJb5Cs/GX_2026_Midyear_Outlook_Macroeconomic__1_.pdf?utm_source=Global+X&utm_medium=DownloadButton&utm_content=MacroMarketsPDF&utm_campaign=midyearoutlook2026
GlobalX ETFs,https://go.globalxetfs.com/l/750543/2026-07-08/cws35b/750543/17835319250qgJWCj3/GX_2026_Midyear_Outlook_Emerging_Markets__1_.pdf?utm_source=Global+X&utm_medium=DownloadButton&utm_content=EmergingMarketsPDF&utm_campaign=midyearoutlook2026
GlobalX ETFs,https://go.globalxetfs.com/l/750543/2026-07-08/cws35j/750543/1783531965DNSJb5Cs/GX_2026_Midyear_Outlook_Macroeconomic__1_.pdf?utm_source=Global+X&utm_medium=DownloadButton&utm_content=MacroMarketsPDF&utm_campaign=midyearoutlook2026
GlobalX ETFs,https://go.globalxetfs.com/l/750543/2026-07-08/cws35b/750543/17835319250qgJWCj3/GX_2026_Midyear_Outlook_Emerging_Markets__1_.pdf?utm_source=Global+X&utm_medium=DownloadButton&utm_content=EmergingMarketsPDF&utm_campaign=midyearoutlook2026
Guardian Capital,https://www.guardiancapital.com/investmentsolutions/wp-content/uploads/2026/05/guardiancapital_economic-outlook_spring2026.pdf
Guggenheim Investments,https://www.guggenheiminvestments.com/perspectives/media/macro-markets-podcast-episode-88-halftime-analysis-for-investors/
Guggenheim Investments,https://www.guggenheiminvestments.com/perspectives/macroeconomic-research/june-2026-economic-outlook-and-key-themes/
Guggenheim Investments,https://www.guggenheiminvestments.com/perspectives/macroeconomic-research/second-quarter-2026-quarterly-macro-themes/
HSBC Private,https://www.privatebanking.hsbc.com/wih/investments-Insights/House-views/2026-investment-outlook-where-capital-meets-the-future/
IFM Investors,https://www.ifminvestors.com/en-gb/news--insights/thought-leadership/economic-update-june-2026/
Insight Investment,https://www.insightinvestment.com/uk/perspectives/quarterly-fixed-income-review-and-outlook/
Insight Investment,https://www.insightinvestment.com/uk/perspectives/monthly-fixed-income-review-and-outlook/
Intech,https://www.intechinvestments.com/equity-market-observations-second-quarter-2026/
J.P. Morgan,https://www.jpmorgan.com/insights/markets-and-economy/outlook/predictions-and-forecasts
Janus Henderson,https://www.janushenderson.com/en-gb/investor/insights/mid-year-investment-outlook/
L&G,https://blog.landg.com/asset/49de56/globalassets/lgim/_document-library/midyear-global-outlook-2026.pdf
LaSalle,https://www.lasalle.com/wp-content/uploads/2026/06/LaSalle-Macro-Quarterly-Q32026.pdf
LaSalle,https://www.lasalle.com/wp-content/uploads/2026/06/ISA-Briefing-Tipping-points-and-the-real-estate-outlook-at-mid-year-2026_.pdf
Lion Global Investors,https://www.lionglobalinvestors.com/en/insights/2h-2026-market-outlook.html
Lion Global Investors,https://www.lionglobalinvestors.com/en/insights/2026-singapore-market-update.html
Lombard Odier,https://www.lombardodier.com/files/live/sites/loportail/files/news/2026/july/20260701/cio-office-viewpoint_ten-investment-convictions-for-h2_2026.07.01_en.pdf
"Loomis, Sayles & Co.",https://www.loomissayles.com/insights/municipal-market-update/
"Loomis, Sayles & Co.",https://www.loomissayles.com/insights/july-2026-investment-outlook/
"Loomis, Sayles & Co.",https://www.loomissayles.com/insights/global-fixed-income-outlook-strategy/
M&G Investments,https://www.mandg.com/investments/institutional/en-gb/insights/2026/q3/mac-na-na-na-cio-pocast-mid-year-2026
Macquarie,https://www.macquarie.com/au/en/insights/2026-mid-year-economic-and-market-outlook.html
Matthews Asia,https://www.matthewsasia.com/insights/CIO-Outlook/2026/q2-2026-cio-review-and-outlook/
Meketa,https://meketa.com/wp-content/uploads/2026/06/MEKETA_Macroeconomic-Newsletter_What-Were-Watching-MidYear-Update.pdf
Morgan Stanley,https://www.morganstanley.com/insights/articles/economic-outlook-midyear-2026
Morgan Stanley,https://www.morganstanley.com/insights/articles/investment-outlook-midyear-2026
Muzinich & Co,https://www.muzinich.com/opinions/muzinich-asset-allocation-group-monthly-update?utm_source=Insight&utm_medium=Website&utm_campaign=AAG_July_2026
Muzinich & Co,https://www.muzinich.com/opinions/corporate-credit-snapshot?utm_source=Insight&utm_medium=Website&utm_campaign=Snapshot_July_2026
Natixis IM,https://research.natixis.com/Site/en/economics/publication/WweQmR3pmIFw4yaePfTZ7w%3D%3D
Neuberger Bermna,https://www.nb.com/insights/aac-staying-pro-risk-in-a-broadening-ai-cycle?fromAcceptTerms=true
NYL Investment Management,https://www.nylim.com/assets/documents/perspectives/global-fixed-income-top5-investment-ideas-2026-midyear.pdf
NYL Investment Management,https://www.nylim.com/assets/documents/perspectives/muni-weekly-063026.pdf
Nomura,https://www.nomuranow.com/portal/site/nnextranet/en/IWM/resources/files/cio-corner/IWM-Outlooks/2026-04-21/IWM-Q2-2026-Outlook-Hidden-Values-in-Global-Chaos.pdf
Northern Trust,https://www.northerntrust.com/content/dam/northerntrust/corporate/global/en/documents/web/pdf/2026/weekly-economic-commentary/mid-year-themes-062626.pdf
Ofi Invest Asset Management,https://www.ofi-invest-am.com/en/site/parameters?url=https%3A%2F%2Fparametersservices.ofivalmo.fr%2FgetFile%3Fid%3D6a265e43ce577%26filename%3D6a265e43ce577-document-6a265e43d23b8.pdf%26type%3D3
OTP Bank,https://www.otpbank.hu/globalmarkets/en/news/research/investment-outlook-3Q2026
Pacific Asset Management,https://www.pacificam.co.uk/multi-asset/multi-asset-market-update-june-2026/
Pathway Capital Management,https://pathwaycapital.com/wp-content/uploads/2026/06/Infra_White_Paper_5-26.pdf
Patrizia SE,https://www.youtube.com/watch?v=QxRtA2kSI7Y
Payden & Rygel,https://www.payden.com/insights/em-monthly-commentary-2026-06
PICTET AM,https://am.pictet.com/content/dam/am-pictet/media/global/investment-research/secular-outlook-2026/Secular-outlook-2026_WEB_secured.pdf
Polen Capital,https://www.polencapital.com/sites/default/files/2026%20High%20Yield%20and%20Leveraged%20Loan%20Mid-Year%20Review%20and%20Outlook_Opportunity%20Beneath%20the%20Surface.pdf
Polen Capital,https://www.polencapital.com/perspectives/webinar-replay-q2-2026-quality-growth-fireside-chat
Probus Pleion,https://006a936a-fbe9-404b-9187-bb4f11a9a727.usrfiles.com/ugd/006a93_85b72091e3c44fd58e52527a72ff7605.pdf
Putnam Investments,https://flputnam.com/wp-content/uploads/2026/07/7.9.2026-From-Ellen-Hazen-Earnings-AI-and-the-Second-Half-of-2026.pdf
Quintet Private Bank,https://www.quintet.com/en-gb/insights/counterpoint-2026-mid-year-outlook
Royal London,https://www.rlam.com/uk/institutional-investors/our-views/2026/clockwise-q2-review--strait-back-to-it/
S&P Global,https://www.spglobal.com/market-intelligence/en/news-insights/research/2026/07/midyear-economic-pulse-check-2026
Schroders,https://www.schroders.com/en-gb/uk/individual/insights/quarterly-markets-review---q2-2026/
Sellwood Investment Partners,https://www.sellwoodip.com/files/snapshot/2026-06_Market_Snapshot.pdf
Silvercrest,https://www.silvercrestgroup.com/wp-content/uploads/2026/07/Silvercrest-Economic-Review%E2%80%94Q3-2026.pdf
State Street,https://www.statestreet.com/us/en/insights/market-signals-and-shifts-midyear-update-2026
State Street Investment Management,https://www.ssga.com/us/en/institutional/insights/global-securities-lending-market-trends-and-outlook
State Street Investment Management,https://www.ssga.com/us/en/institutional/insights/sector-market-perspectives-q3-2026
State Street Investment Management,https://www.ssga.com/us/en/institutional/insights/q3-2026-credit-research-outlook
Standard Chartered,https://av.sc.com/market-outlook/publications/global-market-outlook-19-6-2026.pdf
StepStone,https://go.stepstonegroup.com/rs/664-QRQ-541/images/StepStoneRealEstateHouseViewsReport-Spring2026.pdf
Tikehau Capital,https://www.tikehaucapital.com/~/media/Files/T/Tikehau-Capital-V2/documents/market%20-outlook-a-megacycle-under-pressure-en.pdf
Triodos Investment Management,https://www.triodos-im.com/articles/2026/mid-year-2026-emerging-markets-outlook
Triodos Investment Management,https://www.triodos-im.com/articles/2026/mid-year-2026-advanced-economies-outlook
Troy AM,https://www.taml.co.uk/wp-content/uploads/2026/07/Half-Year-Letter-2026.pdf
TwentyFour Asset Management,https://www.twentyfouram.com/insights/portfolio-insights-investment-grade-july-2026
TwentyFour Asset Management,https://www.twentyfouram.com/insights/portfolio-insights-multi-sector-bond-july-2026
TwentyFour Asset Management,https://www.twentyfouram.com/insights/portfolio-insights-asset-backed-securities-july-2026
U.S. Bank,https://www.usbank.com/content/dam/usbank/en/documents/pdfs/wealth-management/q3-2026-investment-outlook.pdf
UBP,https://www.ubp.com/en/news-insights/newsroom/ubp-house-view-july-2026
Van Lanschot Kempen,https://www.vanlanschotkempen.com/-/media/vlk/vlk-im-documents/news-and-knowledge/asset-allocatie/asset-allocation-2026-en/asset-allocation-outlook---june-2026.ashx
VanEck,https://www.vaneck.com/corp/en/news-and-insights/blogs/investment-outlook/jan-van-eck-q2-2026-outlook-the-reset-is-your-entry-point/
Verus (merged with Cerity Partners),https://ceritypartners.com/insights/q2-2026-review-and-q3-2026-economic-and-market-outlook/
Victory Capital,https://institutional.vcm.com/assets/market-insights/VINC-2025-Mid-Year-Outlook.pdf
Voya IM,https://institutional.voya.com/insights/market-outlook/fixed-income-perspectives-themes-second-half-2026
Vontobel,https://am.vontobel.com/en/insights/investors-outlook-july-2026
Wasatch Global Investors,https://wasatchglobal.com/webinar-2q26-u-s-strategies-update-and-outlook/
W1M Wealth Management,https://w1m-production.cdn.prismic.io/w1m-production/tmWdc1-L-0eyKC8a_W1M_MarketPerspectives_July20026_WEB.pdf
Wells Fargo,https://www.wellsfargomedia.com/im/ps/research/wfii/wfii_reports/investment_strategy/outlook_report.pdf
Western Asset,https://www.westernasset.com/common/media/pdfs/SpecialWebcast20260326-summary.pdf
Western Asset,https://www.westernasset.com/us/en/
Wilmington Trust Wealth,https://www.wilmingtontrust.com/campaign/cmf-2026
World Gold Council,https://www.gold.org/goldhub/gold-focus/2026/07/weekly-markets-monitor-gold-enters-h2
World Gold Council,https://www.gold.org/goldhub/research/gold-mid-year-outlook-2026
Zurich,https://www.zurich.com/-/media-assets/project/zurich/dotcom/economics-and-markets/docs/2026/economic-and-market-outlook/mid-year-outlook-2026.pdf