Firm,Title,Source Link
Aberdeen Investments,May 2026 EMD review and outlook: resilience amid shifting geopolitics,https://www.aberdeeninvestments.com/en-gb/professional/insights-and-research/may-2026-emd-review-and-outlook-resilience-amid-shifting-geopolitics
Aberdeen Investments,"House View: staying invested, but trimming risk after the rebound",https://www.aberdeeninvestments.com/en-gb/professional/insights-and-research/House-View-staying-invested-but-trimming-risk-after-the-rebound
Aberdeen Investments,Macro: finding conviction in a world of higher geopolitical risk,https://www.aberdeeninvestments.com/en-gb/professional/insights-and-research/Macro-finding-conviction-in-a-world-of-higher-geopolitical-risk
Aberdeen Investments,"Equities: quality investing — tested, questioned and still relevant",https://www.aberdeeninvestments.com/en-gb/professional/insights-and-research/Equities-Quality-investing-tested-questioned-and-still-relevant
Aberdeen Investments,"Equities: AI rivalry — shared ambition, different paths",https://www.aberdeeninvestments.com/en-gb/professional/insights-and-research/Equities-AI-rivalry-shared-ambition-different-paths
Aberdeen Investments,Fixed Income: why short-dated bonds can build resilience in uncertain markets,https://www.aberdeeninvestments.com/en-gb/professional/insights-and-research/Fixed-Income-why-short-dated-bonds-can-build-resilience-in-uncertain-markets
Aberdeen Investments,Real Assets: why space and time matter more than ever,https://www.aberdeeninvestments.com/en-gb/professional/insights-and-research/Real-Assets-why-space-and-time-matter-more-than-ever
AEW,2026 Mid-Year European Outlook: European Real Estate Recovery Can Withstand Pressure From Middle East Conflict,https://www.aew.com/site-assets/documents/April-2026-Mid-year-outlook_EN.pdf
AllianceBernstein,"Equity Outlook: Middle East War, Energy Shock Test Fragile Markets",read://https_www.alliancebernstein.com/?url=https%3A%2F%2Fwww.alliancebernstein.com%2Fgb%2Fen-gb%2Finstitutions%2Finsights%2Finvestment-insights%2Fequity-outlook-middle-east-war-energy-shock-test-fragile-markets.html
CI Global Asset Management,Bank of Canada (BoC) Holds Steady Amid Two-Sided Outlook,https://eng4e.seismic.com/i/CrQTQrSKBuZUrJX___UHUSPSKh55Vaaxzwcp4OB5d57eOql0OqJrkmOnska6PLUSSIGNOPLUSSIGNgB7GXCphlg1OTAmEsAPLUSSIGNsKDE1Z1rpzDJ9SPLUSSIGNp0fT___FeJsPLUSSIGNJOaEJRvP80IsENemfOJ7ph___
Columbia Threadneedle Investments,Midyear Equity Outlook: Earnings strength fuels optimism,https://www.columbiathreadneedle.com/en/gb/institutional/insights/midyear-equity-outlook-earnings-strength-fuels-optimism/
Columbia Threadneedle Investments,"Midyear Fixed-Income Outlook: Tighter spreads, wider opportunities",https://www.columbiathreadneedle.com/en/gb/institutional/insights/midyear-fixed-income-outlook-tighter-spreads-wider-opportunities/
Columbia Threadneedle Investments,"Midyear Macro Outlook: Persistence, perception and the path ahead for markets",https://www.columbiathreadneedle.com/en/gb/institutional/insights/midyear-macro-outlook-persistence-perception-and-the-path-ahead-for-markets/
Eastspring Investments,Q2 2026 Outlook: Tactically risk-on amid a fragile geopolitical backdrop,https://www.eastspring.com/docs/librariesprovider6/our-perspectives/market-outlook/2026/q2-2026-quarterly-market-outlook_global.pdf
Federated Hermes,Eurozone outlook darkens amid energy crunch,https://www.hermes-investment.com/uk/en/institutions/insights/liquidity/eurozone-outlook-darkens-amid-energy-crunch/
Guggenheim Investments,June 2026 Economic Outlook and Key Themes,https://portal.guggenheiminvestments.com/GuggenheimInvestments/media/PDF/Economic-Outlook-and-Key-Themes-Monthly-Commentary.pdf
Impax Asset Management,Mid-Year Credit Outlook 2026,https://impaxam.com/assets/pdfs/reports/mid-year-credit-outlook-2026.pdf?pwm=9893
Impax Asset Management,Mid-Year Equities Outlook 2026,https://impaxam.com/assets/pdfs/reports/mid-year-equities-outlook-2026.pdf?pwm=1764
Invesco,2026 Midyear Investment Outlook - Asia Equities,https://www.invesco.com/apac/en/institutional/insights/equity/asia-equities-outlook.html
Invesco,2026 Midyear Investment Outlook – Asia Fixed Income: High Yield,https://www.invesco.com/apac/en/institutional/insights/fixed-income/asia-hy-outlook.html
Invesco,2026 Midyear Investment Outlook – Asia Fixed Income: Investment Grade,https://www.invesco.com/apac/en/institutional/insights/fixed-income/asia-ig-outlook.html
Invesco,2026 Midyear Investment Outlook – China Equities,https://www.invesco.com/apac/en/institutional/insights/equity/china-equities-outlook.html
Invesco,2026 Midyear Investment Outlook – Japan Equities,https://www.invesco.com/apac/en/institutional/insights/equity/japan-equities-outlook.html
Invesco,2026 midyear outlook: A world disrupted? Resilience endures.,https://www.invesco.com/content/dam/invesco/apac/en/pdf/insights/2026/june/invesco-2026-mid-year-investment-outlook-june-2026.pdf
J.P. Morgan Asset Management,Mid-Year Investment Outlook 2026: Enough fuel in the engine,https://am.jpmorgan.com/content/dam/jpm-am-aem/global/en/insights/market-insights/investment-outlook-2026-uk.pdf?_gl=1*rhnpms*_up*MQ..*_ga*MjI0Njk5ODUyLjE3ODIzMDE0ODc.*_ga_SLLWW8GS4N*czE3ODIzMDE0ODckbzEkZzAkdDE3ODIzMDE0ODckajYwJGwwJGgw
Janus Henderson Investors,Multi-Sector Credit Asset Allocation Perspectives: Defensive carry amid asymmetric risks,https://cdn.janushenderson.com/webdocs/Multi%2520Sector%2520Credit%2520Asset%2520Allocation%2520Perspectives%2520Q2%25202026.pdf
KKR,Mid-Year Outlook for 2026: The Divergence Conundrum,https://www.kkr.com/content/dam/kkr/insights/pdf/2026-mid-year-outlook.pdf
Lord Abbett,2026 Midyear Investment Outlook: An Active Environment for Fixed Income,https://www.lordabbett.com/content/dam/lordabbett-captivate/documents/insights/InvestmentPerspectives/2026/060426-2026-midyear-investment-outlook-an-active-environment-for-fixed-income.pdf
Manulife,2026 Global Macroeconomic Outlook: trying to move past the Middle East conflict,https://www.manulifeim.com/institutional/us/en/viewpoints/market-outlook/2026-global-macroeconomic-outlook-trying-to-move-past-the-middle-east-conflict
PGIM,2026 Mid-Year Fixed Income View,https://www.pgim.com/content/dam/pgim/us/en/pgim-center/active/documents/outlooks/2026/PGIM-2026-Mid-Year-Fixed-Income-View.pdf
PGIM,2026 Mid-Year Multi-Asset View,https://www.pgim.com/content/dam/pgim/us/en/pgim-center/active/documents/outlooks/2026/PGIM-2026-Mid-Year-Multi-Asset-View.pdf
State Street Investment Management,2026 Midyear ETF Market Outlook: The courage to follow the fundamentals,https://www.ssga.com/us/en/institutional/insights/etf-market-outlook/the-courage-to-follow-the-fundamentals
State Street Investment Management,2026 Midyear ETF Market Outlook: Diversify for a new regime with multi-asset strategies and real assets,https://www.ssga.com/us/en/institutional/insights/etf-market-outlook/diversify-for-a-new-regime-with-multi-asset-strategies-and-real-assets
State Street Investment Management,2026 Midyear ETF Market Outlook: Position beyond US large-cap tech for the next wave of AI and economic realignment,https://www.ssga.com/us/en/institutional/insights/etf-market-outlook/position-beyond-us-large-cap-tech-for-the-next-wave-of-ai-and-economic-realignment
State Street Investment Management,2026 Midyear ETF Market Outlook: Prioritize income and resilience with active short duration and multi-sector credit,https://www.ssga.com/us/en/institutional/insights/etf-market-outlook/prioritize-income-and-resilience-with-active-short-duration-and-multi-sector-credit
State Street Investment Management,Gold 2026 Midyear Outlook: A tug-of-war between tactical and structural momentum,https://www.ssga.com/us/en/institutional/insights/gold-2026-midyear-outlook-a-tug-of-war-between-tactical-and-structural-momentum
T. Rowe Price,2026 Midyear Market Outlook: Five shifts reshaping markets,https://www.troweprice.com/content/dam/public/enterprise/insights/global-markets-outlook/images/2026-mymo/mid-year-market-outlook-2026.pdf
LSEG,The Navigator - The Midyear Geopolitical Snapshot,https://www.lsegissuerservices.com/spark-insights/sGKzRePfGKU8Fffgpk9D2c/the-navigator-the-midyear-geopolitical-snapshot
Allspring,Midyear Outlook 2026,https://www.allspringglobal.com/globalassets/campaigns/2026-midyear-investment-outlook/2026-midyear-investment-outlook.pdf
OCBC ,Playing the Second Half: Positioning Portfolios for What Comes Next,https://www.youtube.com/watch?v=4rIAeHOye-8
BlackRock,2026 Midyear Global Outlook,https://www.blackrock.com/us/individual/literature/whitepaper/bii-midyear-outlook-2026.pdf
Nuveen,Midyear 2026 outlook: The concentration paradox,https://documents.nuveen.com/Documents/Global/Default.aspx?uniqueid=c3c6dc28-aa70-4b3d-b33b-cfd99fa1e56e
AllianceBernstein,Multi-Asset Midyear Outlook: Fortitude Amid Disruption,https://www.alliancebernstein.com/corporate/en/insights/investment-insights/multi-asset-midyear-outlook-fortitude-amid-disruption.html
AllianceBernstein,Municipal Midyear Outlook: Room to Run as Demand Drives the Market,https://www.alliancebernstein.com/corporate/en/insights/investment-insights/municipal-midyear-outlook-room-to-run-as-demand-drives-the-market.html
AllianceBernstein,Global Macro Outlook: Third Quarter 2026,https://www.alliancebernstein.com/corporate/en/insights/economic-perspectives/global-macro-outlook-third-quarter-2026.html
AllianceBernstein,Fixed-Income Midyear Outlook: Six Ways to Put Volatility to Work,https://www.alliancebernstein.com/corporate/en/insights/investment-insights/fixed-income-mid-year-outlook-six-ways-to-put-volatility-to-work.html
AllianceBernstein,Private Credit Midyear Outlook: Tuning Out the Noise,https://www.alliancebernstein.com/corporate/en/insights/investment-insights/private-credit-outlook-tuning-out-the-noise.html
AllianceBernstein,Equity Outlook: AI Enthusiasm Leaves Little Margin for Error,https://www.alliancebernstein.com/corporate/en/insights/investment-insights/equity-outlook-ai-enthusiasm-leaves-little-margin-for-error.html
Franklin Templeton,The World Didn't Break: 2026 Mid-Year Investment Outlook,https://franklintempletonprod.widen.net/content/5rayblmtxk/pdf/the-world-didnt-break-2026-mid-year-investment-outlook.pdf
Allianz,House View Q3 2026,https://www.allianzgi.com/en/insights/house-view-q3-2026
Amundi,Global Investment Views - July 2026,https://research-center.amundi.com/files/nuxeo/dl/a1af2465-85c8-4734-8572-73918724b050?inline=
Fidelity,Mid-Year Outlook 2026,https://professionals.fidelity.co.uk/static/master/media/pdf/outlook/Fidelity-International-Mid-Year-Outlook-2026-EMEA.pdf
J.P. Morgan,2026 Mid-Year Investment Outlook,https://cdn.jpmorganfunds.com/content/dam/jpm-am-aem/americas/us/en/insights/market-insights/investment-outlooks/JPM_2026MidYear_Outlook.pdf
Janus Henderson Investors,Market GPS Investment Outlook Mid-Year 2026,https://cdn.janushenderson.com/webdocs/Janus_Henderson_MarketGPS_Investment_Outlook_Mid-Year_2026.pdf
M&G Investments,Investment Perspective - Mid-year outlook 2026,https://www.mandg.com/investments/institutional/en-global/insights/2026/q2/strat-mac-na-na-investment-perspectives-2026?up_id=9cf1156a&utm_medium=organic_social&utm_source=linkedin&utm_campaign=investment_perspectives&asset=na&sub_asset=na&product=na&utm_content=macro&category=thought_leadership-investpersp_poll-text
PIMCO,Secular Outlook: Rupture and Resilience,https://www.pimco.com/gbl/en/documents/d84f0ca67059afd82699d1733320318b13be0fba6d945a69b4b47f6e15d1ba82e8e579d1335a6eb6337d14749f59e11d?app=dot
HSBC,2026 Mid-year Investment Outlook,https://www.assetmanagement.hsbc.co.uk/en/institutional-investor/mid-year-outlook-2026
Carmignac,H2 2026 Outlook,https://www.carmignac.com/en/articles/carmignac-h2-2026-outlook-3916-13370
Julius Baer,Market Outlook Mid-year 2026,
Man Group,Global 2026 Midyear Outlook,https://www.man.com/global-outlook
Morgan Stanley,Midyear Economic Outlook,https://www.morganstanley.com/insights/articles/economic-outlook-midyear-2026
PGIM,Midyear 2026 Global market outlook,https://www.pgim.com/content/dam/pgim/us/en/pgim-center/active/documents/outlooks/2026/PGIM-2026-Mid-Year-Global-Market-Outlook.pdf
Schroders,Multi-asset views: June 2026,https://www.schroders.com/en-gb/uk/individual/insights/our-multi-asset-investment-views-june-2026/
Wells Fargo,2026 Midyear Outlook,https://www.wellsfargoadvisors.com/research-analysis/midyear-outlook-video.htm
Merrill,Midyear 2026: The pace of change accelerates,https://www.ml.com/articles/midyear-outlook-pace-of-change.html
Capital Group,2026 Midyear Edition Outlook: Long-term perspective on markets and economies,https://www.capitalgroup.com/advisor/pdf/shareholder/MFCPBR-101-1053693.pdf?utm_shared_to=linkedin&utm_advocacy_source=es&utm_userID=97b818b3-1240-4453-8141-de9b33d7ecd4&es_id=5159d4879c
State Street,Market Signals and Shifts: Midyear update,https://www.statestreet.com/us/en/insights/market-signals-and-shifts-midyear-update-2026
Wellington Management,Equity Market Outlook,https://www.wellington.com/en/insights/global-economic-outlook
Wellington Management,Bond Market Outlook — Credit,https://www.wellington.com/en/insights/asset-allocation-outlook
Wellington Management,Bond Market Outlook — Rates,https://www.wellington.com/en/insights/bond-market-outlook-rates
Wellington Management,Asset Allocation Outlook,https://www.wellington.com/en/insights/bond-market-outlook-credit-global
Wellington Management,Global Economic Outlook,https://www.wellington.com/en/insights/equity-outlook
Aon's,Reisnsurance Market Dynamics - Midyear 2026 Renewal,https://www.aon.com/getmedia/14e60dc0-d0d1-4572-933a-c15761b2c5fa/Reinsurance-Market-Dynamics-2026-Midyear-Report.pdf
MetLife IM,2026 Midyear Multi-Asset Outlook,https://investments.metlife.com/content/dam/metlifecom/us/investments/insights/research-topics/macro-strategy/images-new/article/multi-asset-2026-mid-year-investment-outlook/mim-pb-2026-midyear-multi-asset-outlook.pdf
Bank of America (Private Bank),2026 Midyear Outlook,https://www.privatebank.bankofamerica.com/articles/outlook.html
Russell Investments,Mid-year 2026 Global Market Outlook,https://russellinvestments.com/content/ri/us/en/insights/global-market-outlook.html#tab1
Citizens Private Wealth,2026 Mid-Year Investmetn Outlook,https://www.citizensbank.com/dam/8d36fce0-eab7-428f-a5a3-b474010f5c09/2026-mid-year-outlook-original-file.pdf
Coutts,CIO Mid-year Investment Outlook 2026,https://www.coutts.com/insights/investing/mid-year-investment-outlook-2026.html
Charles Schwab,Schwab Market Perspective: Mid-Year Outlook,https://www.schwab.com/learn/story/stock-market-outlook?msockid=194d29efd4626d2825303c3ed5996ccd
Seviora,2026 Mid-Year Investment Outlook,https://staging.sevioragroup.com/dev/file/download?id=2074380591378063362
Lazard Asset Management,Global Mid-Year Outlook 2026,https://www.lazardassetmanagement.com/uk/en_gb//research-insights/investment-insights/investment-research/mid-year-outlook-2026?source=linkedin&medium=social&campaign=outlook
EFG International,Mid-year Outlook 2026,https://www.efginternational.com/uk/insights/outlook-2026.html
Aegon Asset Management,2026 Global Fixed income mid-year outlook,https://www.aegonam.com/aegon-insights/credit/2026-global-fixed-income-mid-year-outlook/?utm_medium=social&utm_source=linkedin
Vanguard,Vanguard’s mid-year investment update,https://www.vanguard.co.uk/professional/insights/vanguards-mid-year-investment-update
Vanguard,Vanguard's midyear market outlook,https://advisors.vanguard.com/insights/article/vanguards-midyear-market-outlook
BNP Paribas AM,Mid-year outlook: Prospects remain upbeat for equity and fixed income investors,https://www.bnpparibas-am.com/en/portfolio-perspectives/mid-year-outlook-prospects-remain-upbeat-for-equity-and-fixed-income-investors/
RBC Wealth,Bond markets seeing the forest for the trees,https://www.rbcwealthmanagement.com/en-uk/insights/bond-markets-seeing-the-forest-for-the-trees
RBC Wealth,The wall of worry obscures a plausible path to higher ground,https://www.rbcwealthmanagement.com/en-uk/insights/the-wall-of-worry-obscures-a-plausible-path-to-higher-ground
RBC Wealth,The Unstoppables,https://www.rbcwealthmanagement.com/en-uk/insights/the-unstoppables-midyear-2026
RBC Wealth,Global Insight 2026 Midyear Outlook: Europe,https://www.rbcwealthmanagement.com/en-uk/insights/global-insight-2026-midyear-outlook-europe
RBC Wealth,Global Insight 2026 Midyear Outlook: United States,https://www.rbcwealthmanagement.com/en-uk/insights/global-insight-2026-midyear-outlook-united-states
RBC Wealth,Global Insight 2026 Midyear Outlook: Canada,https://www.rbcwealthmanagement.com/en-uk/insights/global-insight-2026-midyear-outlook-canada
RBC Wealth,Global Insight 2026 Midyear Outlook: Asia-Pacific,https://www.rbcwealthmanagement.com/en-uk/insights/global-insight-2026-midyear-outlook-asia-pacific
RBC GAM,Global currency outlook,https://institutional.rbcgam.com/_assets/insight-article/pdfs/Global+Currency+Outlook-Summer-2026_ca_EN.pdf
RBC GAM,Emerging markets outlook,https://institutional.rbcgam.com/_assets/insight-article/pdfs/Emerging+Markets+Outlook_Summer+2026_ca_EN.pdf
RBC GAM,Economic outlook,https://institutional.rbcgam.com/_assets/insight-article/pdfs/Economic+Outlook-+Summer+2026_ca_EN.pdf
RBC GAM,Global fixed income markets,https://institutional.rbcgam.com/_assets/insight-article/pdfs/Global+Fixed+Income_Summer+2026_ca-EN.pdf
RBC GAM,Market outlook,https://institutional.rbcgam.com/_assets/insight-article/pdfs/Market++Outlook+_Summer+2026_ca_EN.pdf